OSM_id,Time Penalty
62400,-10.480873263888888
62496,-16.862168166089965
62581,-9.521671
62598,-13.44980473372781
